0,500.0,500.0,19.706816364531328,499.88831453444055,499.34275514362815,166,141,139
1,500.0,500.0,21.938837925772287,500.5880399334331,499.68590848287096,36,31,64
2,500.0,500.0,5.685336047075618,500.5343310793357,500.39866620386033,27,17,26
3,500.0,500.0,17.908636447588098,500.63300603571673,499.79084024481114,181,174,162
4,500.0,500.0,11.398386289305243,500.35810342534245,499.4376776892187,114,112,134
5,500.0,500.0,8.576028495670975,500.4857705743421,499.5434133230724,26,18,29
6,500.0,500.0,13.256525751146453,499.76580731169486,500.62417804286025,30,22,53
7,500.0,500.0,21.78383109395781,499.4133910113361,499.68324403894616,61,56,64
8,500.0,500.0,11.743100472363137,500.1877156710237,500.6396931071198,170,160,148
9,500.0,500.0,6.053960824080231,499.5903445214765,500.5259532615738,23,21,26
10,500.0,500.0,24.929124335371203,500.4387199431941,500.5019653931181,83,84,88
11,500.0,500.0,13.391140116311938,500.32052591523086,500.5845575952033,102,45,85
12,500.0,500.0,21.14186720954668,500.6513876125163,500.14191061519404,132,137,161
13,500.0,500.0,10.630651278482803,499.3347771979448,500.0438528000273,72,72,77
14,500.0,500.0,19.719994476644136,499.63275360356977,500.5563942206327,138,144,159
15,500.0,500.0,22.847997965563632,500.54219802605974,499.6121008572046,73,77,102
16,500.0,500.0,6.522337919865587,500.37320108905425,500.55241776905996,42,47,77
17,500.0,500.0,14.099533724395277,499.57385867042484,499.48731294957605,72,67,78
18,500.0,500.0,22.13474658810695,500.6003956043187,499.7102249790626,41,40,58
19,500.0,500.0,18.421257273750093,500.66547279746635,500.0398798229281,144,141,134
20,500.0,500.0,7.09091647999726,500.4641041486242,500.47859354746413,41,46,76
21,500.0,500.0,23.217825380348174,500.49942894303825,499.5583947743741,91,85,75
22,500.0,500.0,18.705433852305944,499.34431045165036,500.1204809554638,27,29,50
23,500.0,500.0,24.797933151393455,499.99632310031046,500.6666565268961,64,62,63
24,500.0,500.0,22.677770851121256,500.6114452299697,499.7343325853784,61,57,95
25,500.0,500.0,15.435645245571749,500.6658903016025,500.03216443184937,36,33,42
26,500.0,500.0,7.447448924347214,499.7896555989925,499.3673866288093,161,157,147
27,500.0,500.0,13.600018609596402,499.41886174868506,500.32668452259486,150,147,133
28,500.0,500.0,18.77572544258527,499.3983992487959,500.2872646525333,37,43,75
29,500.0,500.0,25.210603189933238,499.9617839767963,499.3344295829779,129,136,165
30,500.0,500.0,18.04920970484493,499.73130656451644,500.61012153065803,25,17,28
31,500.0,500.0,27.493643354578687,500.3580986934705,500.5623253241489,112,114,129
32,500.0,500.0,26.77751963321479,499.53625959445753,500.47894601022637,135,143,165
33,500.0,500.0,14.732172624620398,500.15380093539324,500.6486830633804,25,23,41
34,500.0,500.0,14.17682289994087,500.6359336804092,499.7999180203875,30,30,40
35,500.0,500.0,10.701829114318183,500.56664945447636,500.3512162299582,39,37,42
36,500.0,500.0,10.292638849721271,500.1745374279329,500.6434136544207,28,25,32
37,500.0,500.0,6.354096638155438,499.39831979350134,499.71290180503496,55,45,79
38,500.0,500.0,10.47410659048689,499.5507423819996,499.5074433665932,57,54,71
39,500.0,500.0,26.516827533355432,499.97067638127066,499.33397855152475,25,22,37
40,500.0,500.0,15.878377687725655,499.4531994185944,499.61861624494617,69,70,90
41,500.0,500.0,14.914177195346683,499.5627921703459,500.5032829801748,31,28,37
42,500.0,500.0,6.245937306339922,500.0909739681098,500.66043030031244,80,76,91
43,500.0,500.0,23.41362774981907,499.7553974656146,499.37982740739636,39,37,40
44,500.0,500.0,15.318111600162034,500.64837163586697,499.8448914372202,120,100,86
45,500.0,500.0,25.113176943623337,499.45555310567835,499.61526369587995,53,52,60
46,500.0,500.0,19.999332561966007,499.40341804064354,500.2975473243282,26,18,29
47,500.0,500.0,24.520001891529027,500.6620988628051,499.92209274541744,28,32,45
48,500.0,500.0,24.886959062694956,499.3333944667794,499.99097184824507,157,151,139
49,500.0,500.0,13.979700424519702,500.21954173634293,500.62948063548293,20,12,23
50,500.0,500.0,21.801622300555717,499.7541859120169,499.3803066253432,185,178,170
51,500.0,500.0,10.007120663526024,499.3816367914871,499.75085870113105,117,124,139
52,500.0,500.0,12.212910624703774,500.6665597529844,500.01193901779004,63,70,86
53,500.0,500.0,24.612557517110563,499.4160206228572,499.67842181119306,22,20,30
54,500.0,500.0,9.273974102556634,500.54848785761584,499.62104681754545,20,10,21
55,500.0,500.0,26.656710926269056,500.55251665993245,500.3730546674973,19,14,20
56,500.0,500.0,19.24577473763837,500.6598478702625,500.0951064275138,23,15,26
57,500.0,500.0,26.498243927937825,500.065301041806,499.3365392111183,21,16,23
58,500.0,500.0,8.010200488931499,499.39854423390693,500.28756808911606,36,42,67
59,500.0,500.0,26.52188861123094,499.3335338436307,500.0163495216675,22,21,27
60,500.0,500.0,6.684996585291559,499.55119045576856,499.5070350545412,83,88,115
61,500.0,500.0,13.027203204183847,500.14537728356265,499.34937730606106,162,104,148
62,500.0,500.0,15.078245179177326,499.3341385441412,499.96724383957195,39,42,53
63,500.0,500.0,23.793395107655616,500.06051131215634,499.3360852271974,21,11,22
64,500.0,500.0,25.46339226113131,500.13213947008916,499.3465601750054,115,122,141
65,500.0,500.0,9.844482060559692,500.6662816850685,500.0226530480672,24,22,28
66,500.0,500.0,10.775788797607564,499.68122651691664,500.5855150817249,29,27,30
67,500.0,500.0,6.013995521378151,499.6483946864096,499.43359188927116,90,92,116
68,500.0,500.0,15.162216772799564,499.49136332054684,499.56903228339087,120,120,120
69,500.0,500.0,26.736171598072698,499.6621002959883,500.5746896853722,30,29,37
70,500.0,500.0,18.397720029265262,499.35622562157,499.82679782298857,133,101,115
71,500.0,500.0,13.386984852526888,500.2759961310416,500.6068530135828,26,24,29
72,500.0,500.0,20.339468444617488,499.34232074420333,500.10909830859896,21,18,25
73,500.0,500.0,22.237985056301405,499.50997934872095,500.4520223509568,21,14,22
74,500.0,500.0,5.570086323658341,500.07026484659883,499.33704653573807,116,113,138
75,500.0,500.0,23.109613710115838,499.579607521046,500.5174114495093,36,37,42
76,500.0,500.0,10.115975503550281,499.7141158008368,500.6022579755497,129,139,159
77,500.0,500.0,25.040429824849188,500.5355427404878,499.60296295191097,47,62,133
78,500.0,500.0,11.40787040352909,500.42014864058416,500.51760947079794,44,32,70
79,500.0,500.0,14.192602840281399,499.5008737913997,499.5580526362418,23,23,32
80,500.0,500.0,27.319214053511242,499.3525011482801,499.84128742499144,42,43,52
81,500.0,500.0,18.721138864718128,500.5236513069454,500.4125939325521,42,45,54
82,500.0,500.0,16.762730372397996,500.01977868479935,499.3336267952025,187,180,170
83,500.0,500.0,21.302061528185924,500.2576080016258,500.61488418579665,25,17,28
84,500.0,500.0,26.626051769143725,499.3967352653299,499.71624640205306,26,23,42
85,500.0,500.0,20.277466752959263,500.1259318353117,500.6546645074383,49,47,52
86,500.0,500.0,11.907412168859075,500.54519311275465,499.61632186112666,90,46,82
87,500.0,500.0,11.800069658096781,500.3396153331404,500.5736774964563,33,35,47
88,500.0,500.0,13.72034137381846,500.55390587898376,499.6290111569445,92,96,105
89,500.0,500.0,24.17567889399332,500.60301840152437,499.7157232829311,57,59,94
90,500.0,500.0,18.339649967500684,500.62312421753677,499.7630176083258,44,48,59
91,500.0,500.0,9.915132222749307,500.1404635799037,499.3482988206508,39,36,56
92,500.0,500.0,20.26863823501497,500.3108581263814,500.58975560167505,28,25,32
93,500.0,500.0,10.16673531793763,499.36124120506145,499.80912924180717,128,110,105
94,500.0,500.0,27.630528523982584,499.49678939130723,500.4372911247024,37,36,42
95,500.0,500.0,18.240430686414317,499.97480807864383,499.3338094780449,22,16,30
96,500.0,500.0,20.089334255571032,499.8703142243359,499.3460687772901,39,37,40
97,500.0,500.0,23.49452669198229,500.6237687289958,500.23528071993127,73,72,80
98,500.0,500.0,26.101810332475125,499.7883534811168,500.63217892679927,39,39,39
99,500.0,500.0,20.35428784948612,499.3659110726446,500.20585353203137,29,26,40
100,500.0,500.0,25.502796293640053,500.62853983028356,499.7777791049618,20,15,22
101,500.0,500.0,8.660631873488985,499.99255756870735,500.6666251230346,125,99,84
102,500.0,500.0,24.31684642036418,500.46619744520694,500.47655470465304,160,157,152
103,500.0,500.0,11.315741279103381,500.0906780735083,499.33952900788205,24,19,26
104,500.0,500.0,12.353320073631533,499.6109634253211,499.4586175215187,30,27,34
105,500.0,500.0,13.809811725920778,500.5735461390547,499.66016287604225,63,60,69
106,500.0,500.0,12.610271993875923,499.82139689448417,499.357703047536,30,36,68
107,500.0,500.0,14.66330090878879,500.4870702627593,499.54480004000436,34,28,38
108,500.0,500.0,5.135609922431841,499.59655160794864,500.53072953507,191,110,149
109,500.0,500.0,26.928897784812445,499.7945139184972,500.6342081005104,44,48,59
110,500.0,500.0,25.64966099018149,500.6132186745456,499.73845210451424,101,94,100
111,500.0,500.0,5.66757085877445,499.64099555774857,500.5617475010075,35,40,70
112,500.0,500.0,26.149457275386446,500.55859730773733,500.36388664750586,28,25,43
113,500.0,500.0,20.24899440723171,499.5533383155165,500.49491189524883,23,17,27
114,500.0,500.0,9.17976760980894,499.840951732028,499.3525835243836,162,149,141
115,500.0,500.0,12.517453512270096,500.00951464704525,499.3334012331724,29,26,33
116,500.0,500.0,6.883843353517779,499.33333344513073,500.0003860870162,31,37,61
117,500.0,500.0,13.04908790556423,499.3664667847156,500.20755748499124,42,41,47
118,500.0,500.0,9.585295694338257,499.53222574789027,499.52499295425474,23,19,32
119,500.0,500.0,20.397553426257943,500.20814159633704,500.6333415510755,116,115,120
120,500.0,500.0,22.63865626219354,499.3505655078869,500.1505964305628,23,22,45
121,500.0,500.0,21.52221625770819,500.5868386380453,500.31633029785587,27,22,29
122,500.0,500.0,26.364404873363796,499.37790784459605,500.2396785235045,178,87,118
123,500.0,500.0,9.561584873109451,500.2171611596797,500.6303058584299,41,41,51
124,500.0,500.0,11.93640176621634,499.8642533605706,500.6527000033155,130,134,158
125,500.0,500.0,12.985686602094326,500.6661991519221,500.02496266056886,33,33,43
126,500.0,500.0,12.848317021809514,500.60935369611116,499.7295697548718,36,41,71
127,500.0,500.0,13.330324885386656,499.70159076450744,499.40384869989475,40,36,70
128,500.0,500.0,17.000175179585035,500.6504956280491,499.85405520792625,47,49,62
129,500.0,500.0,23.991895763677377,499.6023604175593,500.535095511961,38,43,74
130,500.0,500.0,24.10681343448388,499.97430160273285,499.33382882318256,62,60,71
131,500.0,500.0,15.688294731874329,500.66624013599665,499.9761562244679,30,22,33
132,500.0,500.0,12.475325861441469,499.8026429156448,500.63678459913797,27,24,31
133,500.0,500.0,12.827793392778524,499.33468889318215,499.95750793498496,140,108,106
134,500.0,500.0,26.805439288871717,500.66495054518964,499.9521960577311,23,16,23
135,500.0,500.0,22.43778703009673,499.8223363566344,500.64255744822583,147,136,115
136,500.0,500.0,7.1402270627574485,500.23057189930864,499.3744753852216,25,18,29
137,500.0,500.0,18.375778462644448,500.37040590766185,499.445704133144,35,29,39
138,500.0,500.0,27.922523671064635,500.19460534481965,500.6376309310346,184,177,167
139,500.0,500.0,11.231077820452516,500.11963236282014,500.65584490713167,89,82,66
140,500.0,500.0,12.25760271213769,499.8602368886533,499.34814823989564,48,46,48
141,500.0,500.0,16.1365675058923,500.1372364238085,499.3476116122855,71,74,81
142,500.0,500.0,7.3121004860881875,500.42778646722803,499.48868484972473,40,40,51
143,500.0,500.0,11.95215454195002,499.3604102355867,499.8119325182224,91,73,63
144,500.0,500.0,6.254098465496719,499.467097409854,499.59942631906216,40,45,77
145,500.0,500.0,5.282104277636683,500.62057118565576,499.7564104928814,68,70,89
146,500.0,500.0,9.240364418971879,499.4974054846679,499.5620009159798,24,16,39
147,500.0,500.0,6.502899007620448,500.45805449811945,500.48438674754476,34,29,35
148,500.0,500.0,6.233008708728262,499.4265580977489,499.6599870161492,58,41,69
149,500.0,500.0,10.708391969832672,500.5487201510791,500.37861674585804,33,30,39
150,500.0,500.0,19.223622107437283,499.4404963942025,500.36249159927377,128,120,109
151,500.0,500.0,11.83912204789991,500.60563997860976,500.278647915395,36,30,40
152,500.0,500.0,6.385297000568439,500.06126299328986,499.33615416692004,141,147,168
153,500.0,500.0,6.867311705740638,499.40611905918234,499.69709758571776,38,39,44
154,500.0,500.0,5.061541619866372,500.1708971920164,499.3556099052551,67,65,78
155,500.0,500.0,10.323953394788594,500.255567573648,500.61573505645214,41,40,48
156,500.0,500.0,26.24995402309862,499.4993067839312,499.55982872898477,75,82,110
157,500.0,500.0,10.170617356118548,499.39932004311555,499.71081487963295,92,91,89
158,500.0,500.0,8.816224152076668,499.41340548684616,500.3167827671801,26,21,25
159,500.0,500.0,15.10052931949596,499.37611008084474,500.23495917351937,43,41,46
160,500.0,500.0,16.510860073712287,500.5441374550981,500.3851738236222,43,42,49
161,500.0,500.0,25.456726453726432,499.3421175650938,499.8921336647217,36,32,33
162,500.0,500.0,10.26526156160202,499.33333573924307,500.0017910538409,125,131,148
163,500.0,500.0,20.462476438974505,499.9451511984635,500.66440654227245,28,20,33
164,500.0,500.0,9.02938674257337,499.721803544167,499.394152513906,33,48,89
165,500.0,500.0,18.46258138139065,500.38491529044006,499.45567963143947,25,24,30
166,500.0,500.0,12.666093054297116,500.56654749664943,499.6486193253967,23,20,46
167,500.0,500.0,16.39578748217977,500.6399919581551,499.813305763503,55,54,54
168,500.0,500.0,12.233894614913861,499.5594064427675,500.5003216583056,115,121,141
169,500.0,500.0,23.97332567518012,500.5700566606479,499.65434142843634,39,40,49
170,500.0,500.0,9.314398452074123,499.9581792179507,500.66535364027953,18,16,17
171,500.0,500.0,9.681839482056299,500.61690265957503,499.747263866743,36,33,40
172,500.0,500.0,21.05975066980996,499.7967245101707,500.63492008920736,119,125,139
173,500.0,500.0,21.32500497730596,500.6310600967292,500.21495952819214,84,83,81
174,500.0,500.0,7.143811629475019,500.39957740612806,500.53365001729264,110,114,112
175,500.0,500.0,8.541335861851545,500.57487083535244,499.66240857963265,69,68,64
176,500.0,500.0,16.097490270030697,500.6323801401615,500.2110445516326,104,105,99
177,500.0,500.0,13.822478304684449,499.5621910724449,500.50276016886534,29,34,51
178,500.0,500.0,11.353690264906941,500.07179318829736,499.33721030291764,81,80,78
179,500.0,500.0,5.059000965247276,499.33334918875494,500.00459785936624,23,18,25
180,500.0,500.0,16.261727973081122,500.66344266845766,499.9345151153762,63,52,50
181,500.0,500.0,12.646118981347236,499.39179210444155,500.27299743629715,77,82,108
182,500.0,500.0,25.000838714383576,499.9312688774689,499.33688577361056,42,55,121
183,500.0,500.0,22.837522927282954,500.1850772360428,500.6404614439162,117,113,111
184,500.0,500.0,23.662404758992167,499.34954964171305,500.1461464192131,181,178,171
185,500.0,500.0,7.903664205615939,499.5309996171931,500.4737964598553,45,47,59
186,500.0,500.0,15.127042824725574,500.1148511838704,500.6566990558909,23,15,26
187,500.0,500.0,14.42950825416638,499.8688090002726,500.6536309096386,130,130,131
188,500.0,500.0,11.095523929498405,499.600251525293,500.53352188466255,33,46,113
189,500.0,500.0,24.76487023587013,499.53641015396875,500.4790917439292,18,16,21
190,500.0,500.0,5.825679296266792,499.33342052442157,500.0107817986444,33,28,32
191,500.0,500.0,22.17562643497232,500.62535724095375,499.7689745346695,41,44,53
192,500.0,500.0,20.962026744244394,499.80941121630593,500.6388429853841,171,170,165
193,500.0,500.0,11.747458847199802,499.97569964506533,499.3337763609759,138,144,158
194,500.0,500.0,14.477190226438234,499.41372600206756,499.6826244436117,163,141,137
195,500.0,500.0,25.02931076883166,499.58519406063937,499.47809916927105,17,16,21
196,500.0,500.0,15.606448007164945,500.33270174840067,500.57771445460156,38,40,47
197,500.0,500.0,25.674896229107382,499.6356515830897,499.4417037743819,16,13,28
198,500.0,500.0,15.159785022887732,500.42836521069836,500.510830393289,36,35,41
199,500.0,500.0,14.759105584600647,499.79087187579734,499.36698351355443,125,123,134
200,500.0,500.0,13.847944726248945,500.48987320204714,499.54781785709685,108,96,80
201,500.0,500.0,13.256060624276655,499.33972446513167,500.09209051253384,154,150,146
202,500.0,500.0,20.139285766359656,499.5589136951874,500.49988730345075,125,124,129
203,500.0,500.0,22.901167162711793,499.6684618792101,500.5783830209364,77,76,76
204,500.0,500.0,25.767503124344834,499.8709856744507,499.34593597542175,59,79,140
205,500.0,500.0,9.373035753373031,499.45239901917944,500.38023362587865,46,50,59
206,500.0,500.0,19.865834004482025,500.5850624035704,500.31960354874883,65,64,69
207,500.0,500.0,21.84427466260248,500.01055168766914,500.66658315785185,158,152,135
208,500.0,500.0,9.039721620219051,500.65417974984297,500.1284262408539,159,171,194
209,500.0,500.0,26.01020041307903,499.34728343565723,500.135666985951,156,160,185
210,500.0,500.0,11.788253330967311,499.35137078318,500.154027866089,181,177,166
211,500.0,500.0,8.237411345135301,500.4433045897612,499.5020788364198,24,23,29
212,500.0,500.0,23.185685277545563,499.52443401503155,499.5327940086156,18,11,23
213,500.0,500.0,13.477470148168896,499.707018343443,500.59883736804375,40,43,58
214,500.0,500.0,26.626713510929747,499.3415572663695,499.89560837689925,82,73,71
215,500.0,500.0,25.3374014399416,500.3997695356858,500.5335061037908,38,33,37
216,500.0,500.0,19.6142902146926,499.5045960997565,499.55388407328593,175,171,160
217,500.0,500.0,6.042976653307789,499.503042160704,499.55561576264824,19,17,22
218,500.0,500.0,10.40040074592057,500.6385876119554,499.80855730282525,37,35,46
219,500.0,500.0,20.421183033553937,500.03237074164826,500.6658803042061,67,67,75
220,500.0,500.0,8.554026755426205,500.4982631565304,500.44292016356087,27,25,30
221,500.0,500.0,26.598220511414073,499.8638639138013,499.34738111391187,30,31,52
222,500.0,500.0,15.228004774918919,499.33811439126083,500.0796987163538,26,24,29
223,500.0,500.0,13.44870404543515,500.10793473941857,499.3421287842814,180,174,162
224,500.0,500.0,27.268758146536896,500.41942386329754,500.51819693876075,30,28,33
225,500.0,500.0,18.734357068949535,499.97306878967146,499.33387752300746,178,171,162
226,500.0,500.0,7.896249362084986,499.67949975267754,500.58457166875473,36,34,43
227,500.0,500.0,17.74677913460597,500.31586863777534,499.4129127423335,35,34,42
228,500.0,500.0,8.393746138653206,499.5802161532174,500.51790536435226,18,23,46
229,500.0,500.0,8.327823547371684,499.7999181604414,500.63593372447394,19,9,20
230,500.0,500.0,7.528306001457018,500.41925045012874,499.4816627502183,21,11,22
231,500.0,500.0,23.13392529243549,499.69452971519695,499.40743578445307,28,24,42
232,500.0,500.0,6.20517741080706,500.01815500874017,500.6664194175608,30,28,39
233,500.0,500.0,15.953657204734757,499.48380776676936,499.57811136209085,37,37,44
234,500.0,500.0,16.58828986507389,500.6436341963352,499.826277618735,185,179,167
235,500.0,500.0,27.17260221180666,500.59640730902817,499.7021027590221,86,86,86
236,500.0,500.0,7.483122082622225,500.2918317110807,499.4006013873455,68,66,67
237,500.0,500.0,8.411677990188386,500.636131275912,500.19945286222816,93,91,86
238,500.0,500.0,12.479265196329361,500.6386737457074,499.8088448510019,19,9,20
239,500.0,500.0,18.924816205312197,500.1214632358254,500.6555082965053,31,31,33
240,500.0,500.0,9.94553052553243,500.3534312861529,499.43472947148047,31,30,35
241,500.0,500.0,15.430474766871288,500.5973223551856,499.7039418157862,139,138,133
242,500.0,500.0,20.297480850387103,499.3917673447129,499.72705773231905,44,46,58
243,500.0,500.0,24.130753434921655,500.0226613065625,500.66628140423495,24,23,28
244,500.0,500.0,13.570877765645783,500.570679800851,500.34462879935535,41,41,49
245,500.0,500.0,17.916487521817665,500.40394884367504,499.4696512693161,14,9,16
246,500.0,500.0,20.302831960067053,500.5383331842669,500.3932452506535,44,48,57
247,500.0,500.0,13.087862270942427,499.62434349022794,499.4492490298598,34,31,38
248,500.0,500.0,16.09035611270094,500.44886412053523,499.5070847479124,68,69,74
249,500.0,500.0,22.539929534547543,499.624740374957,500.5510214680546,27,29,50
250,500.0,500.0,27.41457184889129,499.3984251074427,500.2873188004449,179,175,174
251,500.0,500.0,24.07759816907225,500.09712784476443,499.3404466464221,19,11,22
252,500.0,500.0,22.53541891356295,499.72148538827446,499.3942987076951,58,57,61
253,500.0,500.0,8.29478427786667,500.03780841996996,500.6655936957513,33,30,39
254,500.0,500.0,27.35163733143444,500.47492894935004,499.5321464571966,62,63,68
255,500.0,500.0,15.4338531854794,500.1183479444898,500.6560778981794,30,27,36
256,500.0,500.0,22.867219259235043,499.50454530859076,500.44605951755904,30,35,65
257,500.0,500.0,8.578337778303233,500.6245323157244,499.76675371158296,59,60,64
258,500.0,500.0,14.75233978159889,500.0966987265273,499.3403835957676,23,36,69
259,500.0,500.0,22.363692304372524,499.4887082430876,499.57218557322375,49,53,65
260,500.0,500.0,20.59901153747129,500.33164183810106,500.5783235562083,29,28,34
261,500.0,500.0,6.044599339901833,499.3341107923786,499.96781292778394,43,35,33
262,500.0,500.0,11.932645326424046,500.1635491676856,499.3537058609319,20,19,24
263,500.0,500.0,7.75963990522763,499.5411547898263,499.51636220418055,132,128,119
264,500.0,500.0,17.249394000950744,499.6665909648607,500.57730655611374,55,58,67
265,500.0,500.0,23.54260429103557,500.6138473151405,499.73993093582817,31,28,37
266,500.0,500.0,15.574347758194326,500.6019354644791,499.7134373697657,39,41,54
267,500.0,500.0,14.30172634362039,500.55146310350375,499.62538968257877,111,111,119
268,500.0,500.0,27.222592893761902,499.43295625324856,499.6494207169348,19,11,24
269,500.0,500.0,24.423140275738028,500.54045000418876,499.6096690667948,161,166,169
270,500.0,500.0,6.8088830121057775,500.3323726080147,499.42209612054774,20,18,23
271,500.0,500.0,8.867052285050791,500.6653637304953,500.04165993981974,49,64,89
272,500.0,500.0,25.83622282634116,499.9425544163516,499.33581294098445,33,57,106
273,500.0,500.0,8.368217020386972,499.6179314870674,499.45367766303224,24,22,27
274,500.0,500.0,22.460504741048123,500.649640465086,499.85029458738137,190,183,173
275,500.0,500.0,17.96591611562054,500.41521862621465,500.52157256148007,31,35,65
276,500.0,500.0,27.690234797924763,500.6194845660382,499.7536601597692,24,23,29
277,500.0,500.0,15.785184921106586,499.3744262732426,499.7695613816321,111,105,73
278,500.0,500.0,16.668748361664896,499.35185840404034,499.8439329758364,177,171,159
279,500.0,500.0,13.480964788265695,500.50005080900377,500.4409009331575,48,46,47
280,500.0,500.0,16.662559798680967,499.3607097931489,500.1890832511586,16,15,23
281,500.0,500.0,21.99518404606853,500.38560408761714,500.54383263239475,30,29,37
282,500.0,500.0,12.395115546249851,499.3567165734748,500.175016792344,28,39,66
283,500.0,500.0,15.3620315073471,500.40486404870654,500.529650400273,37,35,47
284,500.0,500.0,5.9002689026154975,500.65986857852926,500.09496264272985,66,65,66
285,500.0,500.0,8.651162783575451,500.56010643902334,499.63844057001785,69,70,77
286,500.0,500.0,12.78244437735265,499.3896905491414,499.7317336796444,39,53,93
287,500.0,500.0,7.173636792847169,500.10952543376953,500.65760826013826,52,50,52
288,500.0,500.0,20.100973987440995,499.41885247486374,499.67333197513005,32,28,25
289,500.0,500.0,20.263078438139352,499.54044407815667,499.517037476461,34,31,40
290,500.0,500.0,21.303182330534238,500.47635216105516,499.53359560132594,26,25,30
291,500.0,500.0,23.208225030861502,500.40520430993655,500.5293901318057,37,60,112
292,500.0,500.0,14.738346425408386,500.24099392968554,499.378416240319,65,64,62
293,500.0,500.0,26.87689421271109,499.90209907990726,499.340560954834,192,188,179
294,500.0,500.0,8.164003123072824,500.6658886762886,500.0321980625977,38,37,45
295,500.0,500.0,17.414727443514437,499.5244882984459,500.4672612397038,50,45,42
296,500.0,500.0,19.214723706350682,499.650765223474,499.4321272014709,31,28,37
297,500.0,500.0,24.120936303849888,500.564804207562,499.6458239822282,161,155,139
298,500.0,500.0,20.556347210336256,499.98998428781164,500.6665914265529,48,51,66
299,500.0,500.0,23.027408267001384,500.2433426501197,499.379331973534,147,146,142
300,500.0,500.0,23.598349035088088,500.29025403143567,500.6001641789375,91,85,69
301,500.0,500.0,18.119646047369503,499.8828064500001,500.65628508765843,168,165,150
302,500.0,500.0,16.566853904214316,499.7889787035185,500.63238790063986,20,17,28
303,500.0,500.0,8.183166295878918,499.531218261639,500.47401279120265,98,98,95
304,500.0,500.0,17.754437144761916,500.14568641203164,499.3494464558595,26,25,33
305,500.0,500.0,22.55168709670889,499.59921307210675,499.46725777070486,152,152,145
306,500.0,500.0,15.061868884484559,499.39594293604546,500.2820629502984,39,50,72
307,500.0,500.0,14.542628833837124,499.94050658504875,499.3359932394758,44,44,54
308,500.0,500.0,27.874083078480698,500.2788587331604,499.39445706065993,56,55,76
309,500.0,500.0,7.278911861040104,499.35254704124196,499.84110031265004,17,14,21
310,500.0,500.0,26.100111947093282,500.6322029600523,499.7884252809395,34,34,36
311,500.0,500.0,5.120777561029213,499.85724893230565,499.3487960556657,30,27,34
312,500.0,500.0,8.438951236177218,499.4895077173638,499.57123191138646,35,32,41
313,500.0,500.0,11.626336294902302,499.95161807614755,499.335091258977,61,60,65
314,500.0,500.0,19.695889839974637,499.65457322841064,500.5701971500401,177,171,156
315,500.0,500.0,16.496072111465022,500.59391407444485,500.3028374425674,36,35,43
316,500.0,500.0,21.52651953922411,500.5006011624994,500.44027595953986,30,28,31
317,500.0,500.0,10.5329774925505,500.6594220550788,500.098015293297,178,174,162
318,500.0,500.0,13.293886427258135,499.8488034715684,500.64929504405524,50,50,50
319,500.0,500.0,16.675319543074778,499.35811865425006,499.8199089607374,30,29,37
320,500.0,500.0,13.898270395129224,500.415499440191,499.47865111523527,199,184,207
321,500.0,500.0,6.553869828063675,500.0619590683232,500.6637812277377,20,19,25
322,500.0,500.0,12.647927992555651,500.35206512328716,499.4338775808986,44,39,43
323,500.0,500.0,19.78429917266257,499.74876165402765,500.61751416012714,17,14,23
324,500.0,500.0,6.451312351741167,499.80033701756105,499.36393464338323,140,139,135
325,500.0,500.0,23.19551190426801,500.6635548379717,500.06433833576364,145,151,152
326,500.0,500.0,27.74982215281084,499.3509035257424,499.8479532586642,33,56,108
327,500.0,500.0,19.878711472417258,499.55662274646807,500.49785646073434,181,173,160
328,500.0,500.0,12.634267786770923,499.48769819361326,500.4266043877146,33,32,38
329,500.0,500.0,22.096077226951287,500.66647697543505,499.9840976209511,39,39,51
330,500.0,500.0,16.443038027353428,500.095670076141,500.6597663836356,70,72,83
331,500.0,500.0,6.8153211392757616,500.1810264925343,499.3583818476343,117,113,111
332,500.0,500.0,7.359751878988629,500.6285428336028,499.77778759987126,55,55,57
333,500.0,500.0,21.506246960168106,500.63021937951913,499.7825879991284,79,75,74
334,500.0,500.0,21.716731101355364,500.4266597710674,500.51225568244496,34,53,96
335,500.0,500.0,23.203990063084667,500.43554332941426,499.49527586480616,43,42,48
336,500.0,500.0,23.42520743792991,499.61266625470995,500.5426020772205,17,24,42
337,500.0,500.0,20.59604405589532,499.39193905377266,499.7266754125265,97,98,108
338,500.0,500.0,22.905853590657905,499.3666556494776,500.2081330778752,92,71,66
339,500.0,500.0,5.744862451532341,500.46247590140933,499.5198328571632,29,24,30
340,500.0,500.0,22.550942851367328,500.4469681860175,499.50536489698703,137,140,146
341,500.0,500.0,12.230865150242277,499.3421504312471,499.8919334032363,67,68,73
342,500.0,500.0,9.279105137869799,499.50764904056126,499.5505169889927,188,181,171
343,500.0,500.0,22.824183121224227,500.22983806959246,500.6257946198318,83,83,85
344,500.0,500.0,27.968463400733505,499.59862771317825,500.5323013543247,26,40,76
345,500.0,500.0,15.39698176064414,500.3290686942621,500.57979154780065,73,76,85
346,500.0,500.0,21.319431196850527,499.48278688847034,500.42063647215406,194,191,184
347,500.0,500.0,24.581327167321895,499.8925739485063,499.34204552748315,43,41,42
348,500.0,500.0,27.658048574794446,499.34240391198693,499.8904015078827,30,44,79
349,500.0,500.0,17.742493056970687,499.5429371851088,499.5146773983337,112,115,116
350,500.0,500.0,25.337668277196258,499.33333549134636,500.00169627417074,123,112,92
351,500.0,500.0,21.53400217748655,499.7035537874481,500.5971298749083,24,23,28
352,500.0,500.0,6.696266396958498,500.65136359697317,499.85797919524737,141,144,161
353,500.0,500.0,16.89928027185678,499.72360908766234,499.39332668756435,48,48,68
354,500.0,500.0,27.224086120484458,499.67373802743884,500.58137558402893,18,15,22
355,500.0,500.0,16.916349057252376,500.2938973196364,499.4016114891185,41,41,49
356,500.0,500.0,21.314639048172655,499.62204942097776,500.54917920960395,110,106,111
357,500.0,500.0,10.763922106585978,500.47133828327276,500.4714707490035,48,50,62
358,500.0,500.0,19.131850401088556,500.55879003937474,500.36359061640815,150,149,151
359,500.0,500.0,18.354869526225833,499.6338797494543,500.5571358959758,14,11,18
360,500.0,500.0,17.963214791919803,499.36786968700784,500.21179167084875,19,16,23
361,500.0,500.0,22.733514482272703,500.5771828899015,499.6663769251844,70,67,73
362,500.0,500.0,19.69679742080402,500.418763148974,500.51873101845354,72,75,84
363,500.0,500.0,11.948164597956321,500.638467652222,499.80815761284174,55,53,58
364,500.0,500.0,20.838112148478622,500.6634054258471,499.93413889310744,57,64,77
365,500.0,500.0,9.69252931195817,499.57027612993323,500.5096879829261,67,61,63
366,500.0,500.0,12.344277030874746,499.9553600000464,500.6651704404501,21,16,23
367,500.0,500.0,16.84454308389111,500.6519288745222,499.8605970337163,31,31,54
368,500.0,500.0,11.151848512446195,499.3667504001064,499.79157881902495,175,171,162
369,500.0,500.0,26.743852532174035,499.7410983461657,500.61434060429565,28,27,32
370,500.0,500.0,26.47628531073631,500.6666270788337,499.99273486337887,22,19,28
371,500.0,500.0,16.838671302324144,499.3403893408648,499.90326209223014,23,21,26
372,500.0,500.0,26.740354493592456,499.8551616185689,499.34925712627114,78,78,78
373,500.0,500.0,13.116587043696173,500.54538792974506,500.3834011613609,28,26,31
374,500.0,500.0,24.385541878998136,499.33421311326964,499.9657616311374,187,180,171
375,500.0,500.0,7.472432940537771,499.94203022437,500.6641415132017,23,20,29
376,500.0,500.0,13.416559107903948,500.617009063178,500.25247625710284,32,30,33
377,500.0,500.0,13.338046846718544,500.66642836902656,500.01782339476733,99,96,89
378,500.0,500.0,22.58129463826651,499.3414869288622,500.10394700373314,38,36,41
379,500.0,500.0,14.059785392757965,499.979205308421,500.666342273345,60,63,72
380,500.0,500.0,9.578331275706349,499.35454425890174,499.83317275184277,104,107,122
381,500.0,500.0,5.895021223663066,500.6424696598524,499.8220191566106,25,22,31
382,500.0,500.0,18.943992015287495,499.3943631620876,500.27865474158517,40,39,44
383,500.0,500.0,12.326190730464063,500.344300183655,499.4291218799257,41,41,43
384,500.0,500.0,24.050655877019647,500.20517680823605,499.3656917769676,135,134,130
385,500.0,500.0,23.762223164607956,499.338643867951,500.0839792298467,48,56,76
386,500.0,500.0,18.425149262522083,500.0649505514329,499.3365048076188,139,137,124
387,500.0,500.0,20.078592360070285,500.11915522155346,500.6559317629304,145,150,156
388,500.0,500.0,18.42103537209572,499.60064399313126,499.4661842787794,187,184,179
389,500.0,500.0,20.656718586165614,499.75764127271594,499.3789471103411,28,28,30
390,500.0,500.0,15.143887022248856,500.2434668238184,500.6206193278848,25,22,29
391,500.0,500.0,14.438680414422215,500.6620784622625,500.0780804345054,21,20,35
392,500.0,500.0,17.900395776898705,500.25996181574976,499.38610725790534,41,40,46
393,500.0,500.0,8.983195748718538,500.4062406895353,499.4714047421606,17,14,21
394,500.0,500.0,22.75576503542104,499.3571417840275,500.1765722475392,28,27,34
395,500.0,500.0,11.417147106200403,499.91156684857503,500.66077531898026,27,22,28
396,500.0,500.0,21.21272154724143,500.3877899874544,499.4577238986692,76,63,63
397,500.0,500.0,26.475108619728413,500.59687371939435,500.2969616263776,36,34,37
398,500.0,500.0,17.4933901707304,500.1676290809829,499.35475203552954,35,56,103
399,500.0,500.0,11.615497857125218,500.3713476467658,500.5536653950591,34,33,37
400,500.0,500.0,22.188785493514114,500.0882606542964,499.3392016182317,23,20,27
401,500.0,500.0,17.92641445258215,500.49819407665484,500.4429978627832,27,25,30
402,500.0,500.0,18.49710146712875,499.8984900249642,499.34110686039946,23,26,40
403,500.0,500.0,10.355240875536914,500.1357736954353,500.6526943757014,24,22,25
404,500.0,500.0,7.312532809879002,499.33974402164154,500.09223062119696,25,23,28
405,500.0,500.0,8.632644752851657,499.9752455042255,500.6662069193452,95,95,95
406,500.0,500.0,11.606635863981076,500.3840262904176,500.5449479357816,218,205,231
407,500.0,500.0,10.34106458208339,499.50763218431985,500.4494645464626,22,19,28
408,500.0,500.0,9.043140273393838,499.7402859560359,499.3860023942944,171,169,164
409,500.0,500.0,22.227073633141977,500.1995958538329,499.36391357538685,36,35,40
410,500.0,500.0,18.864008206635084,499.33489635114967,500.04562434361634,75,73,74
411,500.0,500.0,17.495911121810423,500.6532540701986,499.86694525858366,109,102,76
412,500.0,500.0,9.434662160297625,500.0789021938353,500.66198103315156,21,27,49
413,500.0,500.0,19.910562790312557,499.8310941208488,500.64491491565366,25,24,30
414,500.0,500.0,18.058968115681605,499.6899370102817,500.59017403098693,21,17,30
415,500.0,500.0,16.851455156075303,499.73439386525337,499.3885281481299,191,187,178
416,500.0,500.0,8.234073139588865,500.04514269357117,499.33486348644686,37,34,41
417,500.0,500.0,10.41698881443528,500.5791691138231,500.3301629628498,23,21,26
418,500.0,500.0,18.176178993754252,499.38347983916117,499.7463322335737,49,64,97
419,500.0,500.0,7.719171499491369,500.26063197047455,500.6136085237438,157,167,175
420,500.0,500.0,26.231438320783692,500.4488110107465,499.50703638970293,57,44,38
421,500.0,500.0,10.079532519280594,500.64017086095225,499.81392014286314,102,99,92
422,500.0,500.0,27.743273123592104,499.4309244324844,500.3472714254027,43,45,57
423,500.0,500.0,22.419062035999495,499.5341515270309,500.476895842587,112,116,130
424,500.0,500.0,6.883017048885322,499.41200850674704,499.68581781032873,165,161,152
425,500.0,500.0,17.97588061228992,499.8025994480323,499.3632288742984,49,50,54
426,500.0,500.0,17.34318363999281,500.62264760464006,499.7617681698839,40,64,110
427,500.0,500.0,20.646790472598628,499.4634029846519,500.3956110306399,56,46,45
428,500.0,500.0,15.24610192030607,500.66435844204665,500.05542837653917,66,63,72
429,500.0,500.0,15.50636494137315,500.3109617223982,500.5897009849471,71,71,71
430,500.0,500.0,12.087899972762479,499.72965924458487,500.609393403645,40,66,117
431,500.0,500.0,22.15350310513176,500.591507336336,499.69248818639744,157,157,157
432,500.0,500.0,21.108852196235045,499.3358606682176,500.05799476203975,24,21,28
433,500.0,500.0,15.857637619449958,499.92071808556346,500.66193566340525,23,22,28
434,500.0,500.0,22.61403670724537,500.632117375413,499.7881697185352,27,21,31
435,500.0,500.0,26.093646763679743,500.27346320110865,500.6079986201332,90,90,92
436,500.0,500.0,20.22122837688577,499.5101195955522,499.5478256599689,188,184,173
437,500.0,500.0,27.8354758497845,500.0924487072125,500.6602254773781,26,24,29
438,500.0,500.0,10.12187496722413,500.6487361053195,499.84642295060996,21,18,27
439,500.0,500.0,21.539161425249596,499.7034748585336,500.59709068400264,174,157,149
440,500.0,500.0,10.692776885586838,499.74867681373087,499.38252036431317,74,73,79
441,500.0,500.0,25.129788016345728,500.50028671165546,500.44063323817596,119,119,121
442,500.0,500.0,26.53347239886524,499.3920379094761,499.7264555960539,44,38,40
443,500.0,500.0,18.660715392025217,499.9779464883937,499.3336982012104,51,53,65
444,500.0,500.0,6.01744479128795,499.86386196802056,499.3473815198041,33,33,41
445,500.0,500.0,24.865795581411298,499.333892079348,500.02728887115927,116,87,73
446,500.0,500.0,10.385714894258108,500.5444252674912,500.3847669067911,80,85,91
447,500.0,500.0,20.468233733049015,499.52488319942603,500.46766277407636,70,73,80
448,500.0,500.0,27.670997896677893,500.20800599344744,499.36661390042536,112,106,93
449,500.0,500.0,6.40202565345553,500.62603788034875,500.22917464260445,30,47,90
450,500.0,500.0,6.078334229906465,500.27904736566205,499.39454396347753,88,96,107
451,500.0,500.0,14.575466568693226,499.7309318216012,499.3900436410549,96,94,95
452,500.0,500.0,17.372350080988802,499.5830367650984,500.5201789165132,30,28,39
453,500.0,500.0,8.320090230799105,500.56881488161804,499.6523017473523,53,52,57
454,500.0,500.0,14.579680933189357,499.9700958594913,499.3340043642599,29,28,33
455,500.0,500.0,9.676744860381252,499.44271230800126,499.6341108463057,182,172,180
456,500.0,500.0,21.665448383065645,500.47778196023916,499.5350603878841,30,25,29
457,500.0,500.0,18.91429726680522,499.7755522310707,500.6277480732484,31,47,91
458,500.0,500.0,18.51442484303579,499.82970363664367,499.3554508606227,23,20,27
459,500.0,500.0,25.861755033270857,499.3846271116301,500.2564383994329,32,31,36
460,500.0,500.0,27.127783790632556,500.22335525085776,500.6281376253328,23,18,22
461,500.0,500.0,21.18667740154119,500.28995923652485,499.3996933403681,186,182,171
462,500.0,500.0,11.51036154296413,500.23925977818874,499.3777466729816,30,25,39
463,500.0,500.0,13.271826213559361,499.7828007252652,500.6302927252469,24,21,28
464,500.0,500.0,21.61551218329578,500.25675457610123,499.38475896422983,126,128,127
465,500.0,500.0,6.051455303565179,500.04509602395143,499.33486032063314,23,22,28
466,500.0,500.0,26.49943975681613,499.6163596223105,499.4547803148724,33,37,46
467,500.0,500.0,12.586901577490778,500.6666602458166,499.9970740655843,156,152,142
468,500.0,500.0,20.055983220783503,499.34803987225575,500.1392567279385,39,58,103
469,500.0,500.0,19.758972451170266,500.07202264372734,500.6627648023507,110,86,74
470,500.0,500.0,13.100051871635848,499.7315788709846,499.3897586199359,35,56,101
471,500.0,500.0,25.455384183445183,499.64608270659573,500.5649663652589,41,41,49
472,500.0,500.0,6.7095994631895906,499.56700765815896,499.4930857307676,31,29,35
473,500.0,500.0,19.506137902460754,499.86981519291453,499.3461679417094,52,47,51
474,500.0,500.0,15.488222156342982,499.33658750045237,499.9342101840068,138,133,147
475,500.0,500.0,17.24088715529294,500.6553108719313,500.122523897967,94,93,88
476,500.0,500.0,11.319036955550136,499.7423364903062,500.6148609275411,34,34,36
477,500.0,500.0,20.502757898741837,500.6588567120327,500.1017461422068,118,108,105
478,500.0,500.0,10.542283143210689,500.07242645540424,499.33727920433864,28,27,33
479,500.0,500.0,14.128617717455644,500.6118327864119,500.2647736503428,30,28,31
480,500.0,500.0,27.775359727713727,500.37909044081886,500.5483929997039,143,144,145
481,500.0,500.0,24.739040657487305,500.48386353593867,499.54139284454624,196,191,180
482,500.0,500.0,17.712133109182993,499.4212989931133,499.66901723749913,24,38,76
483,500.0,500.0,24.442585274427547,499.4737664740921,500.4092953953503,121,123,122
484,500.0,500.0,26.14050095512487,500.65878346415184,499.8977806681467,64,62,63
485,500.0,500.0,6.070925327060095,500.61428850795426,500.2590252370712,24,23,29
486,500.0,500.0,5.756740943529854,500.5694396599037,500.34667408061927,31,30,35
487,500.0,500.0,22.301852806477896,499.65148995944,499.43168213465236,77,71,75
488,500.0,500.0,10.530860468998597,500.49686483537334,499.5555117776433,148,141,129
489,500.0,500.0,22.01413893117654,499.370917578915,499.7793197971582,21,18,27
490,500.0,500.0,15.053029815400482,499.9205783811037,500.6619189156508,114,116,120
491,500.0,500.0,26.961743129037313,500.44362361882855,500.4976369452341,27,26,34
492,500.0,500.0,23.02160719655063,500.41128428032016,499.47531944460843,100,101,95
493,500.0,500.0,26.646285434326686,500.3548383433149,500.5643883366601,40,39,44
494,500.0,500.0,6.970964705644922,499.4199559627904,499.6713765690916,147,147,141
495,500.0,500.0,8.547082168906924,500.42720520540433,499.4881991042213,197,193,182
496,500.0,500.0,7.104969860013499,499.9525121793164,500.6649731959494,27,26,34
497,500.0,500.0,7.351322524604655,500.63252420366933,499.7893876161834,42,41,46
498,500.0,500.0,17.75902001400396,499.43626083508605,499.64413120621975,40,62,112
499,500.0,500.0,17.747055524144155,499.5631672395784,500.5036085621461,127,144,154
500,500.0,500.0,5.283834142330952,500.10493564452304,500.65835625230795,28,27,33
501,500.0,500.0,17.869340552536947,499.6773010400414,499.41663919767774,112,111,102
502,500.0,500.0,13.756836540241093,500.0769304439713,499.33778692912716,62,50,50
503,500.0,500.0,8.356500874870601,500.5864149059701,499.6828848750051,54,57,66
504,500.0,500.0,16.137320220480355,499.37385712459843,500.22888762314346,32,53,98
505,500.0,500.0,21.58068740647863,500.6434363347002,499.82554620201324,40,34,36
506,500.0,500.0,8.11625909065555,499.63709450358084,500.5592352323604,181,181,179
507,500.0,500.0,13.737468991382109,500.60431254093186,499.7184848186741,133,126,108
508,500.0,500.0,23.94131052321713,500.28637140055343,499.3979735343114,166,158,139
509,500.0,500.0,26.78741520637067,499.70722369565937,499.4010622068519,81,82,87
510,500.0,500.0,14.159510398512184,499.34696221130906,500.13411223279815,73,76,85
511,500.0,500.0,22.98541050088226,499.72950115901034,500.60932324875034,25,24,32
512,500.0,500.0,14.037507984007577,500.55783183838435,500.36505901513203,106,123,141
513,500.0,500.0,17.54946896536891,499.3756702486509,500.23378795098296,146,139,159
514,500.0,500.0,9.82191311630952,500.31018358165653,500.59011065921163,103,79,67
515,500.0,500.0,8.201119822015828,500.36193389864053,500.5598645349183,116,129,142
516,500.0,500.0,21.4504369998868,499.33447102199324,500.0389310143422,93,69,61
517,500.0,500.0,16.022398094770402,499.4088827198869,500.3082609375125,152,151,147
518,500.0,500.0,25.00157566301006,499.83128355410565,500.6449644992782,124,116,94
519,500.0,500.0,13.269178339373978,499.4846448840509,499.57708919509014,55,58,63
520,500.0,500.0,10.709312283432766,500.61475877014516,500.25790715184735,100,93,76
521,500.0,500.0,19.835717689855795,499.4756642386069,499.588276240947,35,49,82
522,500.0,500.0,7.2679508473797325,500.62289579007404,500.2375821524284,23,20,27
523,500.0,500.0,20.81628140233766,500.51669069719514,499.57872198268075,158,156,143
524,500.0,500.0,22.763871346635938,500.37460925944976,499.44853617781496,28,27,32
525,500.0,500.0,5.564941019592695,499.4146940800659,500.31915736641116,55,55,57
526,500.0,500.0,6.974660386663635,500.3679968496372,499.4441018410702,147,168,189
527,500.0,500.0,23.03820994316003,500.65920309441367,499.90052274249916,156,182,207
528,500.0,500.0,15.077816580279622,500.20706309380336,499.3663050263502,54,50,57
529,500.0,500.0,23.634276549130057,500.3987043205434,500.53430263823464,119,123,126
530,500.0,500.0,20.57420465649033,499.69530079089134,499.407038925044,35,57,104
531,500.0,500.0,8.683121357953263,499.9241612252467,499.337661019803,23,22,28
532,500.0,500.0,14.316091034445815,500.5282616403973,499.59332558018826,66,60,62
533,500.0,500.0,21.959932499561155,500.6024181472528,499.7144534708582,35,57,104
534,500.0,500.0,5.10235099650114,499.99025933442095,500.66659550244395,29,28,36
535,500.0,500.0,23.600785138518997,499.79597217304956,500.6346787299684,31,54,106
536,500.0,500.0,17.348447243124816,500.64309397881067,499.8242883644664,111,111,111
537,500.0,500.0,11.034128095404302,500.5467046758575,500.3815212206942,147,171,195
538,500.0,500.0,19.060093686197042,500.3985527025344,499.4655842557082,83,86,93
539,500.0,500.0,15.530793482060295,499.42564380974517,499.6615337370425,20,19,27
540,500.0,500.0,8.080798701966344,499.5053619631265,499.55303506074597,164,158,144
541,500.0,500.0,13.586039632179142,500.5806153470765,499.67238702225995,25,42,85
542,500.0,500.0,8.170947866294823,500.664329816633,499.9442295851122,28,26,31
543,500.0,500.0,17.359723209954478,500.6652553164182,499.9566432424901,137,137,132
544,500.0,500.0,8.226820307249332,499.5574869198655,500.49862472697845,148,174,199
545,500.0,500.0,26.892364861223243,499.7344048468543,500.6114766218507,92,78,68
546,500.0,500.0,27.168069056543615,500.26593086263694,500.6113306967114,74,54,45
547,500.0,500.0,14.559500011304575,499.4212667684756,499.669073586467,68,64,65
548,500.0,500.0,5.70979622978911,500.10368108956357,499.3414450090453,124,114,87
549,500.0,500.0,17.364998218710845,500.031327931635,500.66593018038225,84,81,82
550,500.0,500.0,22.616149763704886,500.59829004778726,500.29409771023114,22,21,29
551,500.0,500.0,11.161444916036722,499.7062900199215,500.5984804859364,83,71,70
552,500.0,500.0,5.957042012215366,499.3347084955107,500.04279787960695,147,146,142
553,500.0,500.0,7.3555780941824604,500.63369032367564,499.7929226759776,48,43,40
554,500.0,500.0,13.017270466913217,499.8930979107968,500.6580398071306,28,27,33
555,500.0,500.0,10.449759273433667,499.66418467935785,499.424089837851,29,51,101
556,500.0,500.0,8.20240421631585,500.60308537520103,500.28413460659175,66,63,72
557,500.0,500.0,17.242458339519466,500.2976245353342,499.40345655614067,132,154,180
558,500.0,500.0,21.193236520369336,499.36293122621146,500.1964378321709,27,26,32
559,500.0,500.0,16.831544732050826,499.41829770120654,500.3256791059046,35,48,91
560,500.0,500.0,27.82718318982751,499.59552326723025,499.4700537601866,102,95,89
561,500.0,500.0,12.40822436701567,499.5820989994412,499.4805741648932,45,44,49
562,500.0,500.0,19.545245596621143,499.406980556025,499.6954144069197,122,111,91
563,500.0,500.0,23.275768505356286,500.00082777647236,500.6666661527561,162,166,168
564,500.0,500.0,20.978183161733526,500.3111728706855,499.41041040630466,92,89,83
565,500.0,500.0,5.0568809582656495,499.6077832268043,500.5390829688169,24,23,29
566,500.0,500.0,23.30059231290044,499.6979084209195,500.5942938013248,49,57,78
567,500.0,500.0,16.37844379377624,500.6374282500641,500.1952682013659,39,39,47
568,500.0,500.0,8.003667757073554,499.36091737482747,499.81021632671116,25,23,29
569,500.0,500.0,19.402129009585565,499.39779725943504,500.2860005309445,106,115,119
570,500.0,500.0,8.633620844405716,499.80324541269795,499.3630289827472,173,159,172
571,500.0,500.0,20.837613283964735,499.530306504699,500.47310935830563,150,145,134
572,500.0,500.0,25.161685856449957,499.4207474675222,499.66998341244346,32,23,26
573,500.0,500.0,20.283702662493333,500.46961131442606,500.4731909316623,98,87,65
574,500.0,500.0,21.69773235982024,500.1912248833735,500.6386528700501,77,69,81
575,500.0,500.0,5.024984984909645,500.55447709311056,500.3701345669619,73,80,88
576,500.0,500.0,16.947217856642624,500.2234704057104,500.62809666629914,72,72,77
577,500.0,500.0,23.793507619005865,499.3982674104252,499.71301161157976,60,64,73
578,500.0,500.0,13.810608290542772,500.4488660995869,499.5070865501063,31,30,36
579,500.0,500.0,11.882872530475062,499.3939791549852,499.7221813903786,154,142,156
580,500.0,500.0,17.955697932801534,500.114899877242,500.6566905379661,138,134,123
581,500.0,500.0,19.44584088184076,499.5751716378134,500.51377554158046,31,50,93
582,500.0,500.0,6.993824769717736,500.5638395924951,500.3557096546052,164,165,159
583,500.0,500.0,13.832733914891776,499.99072788808485,499.3333978154963,190,187,182
584,500.0,500.0,19.826273068321647,500.5393252922893,500.3918834948572,62,60,63
585,500.0,500.0,18.974641275057035,500.6625253126208,500.0741933594139,156,183,204
586,500.0,500.0,16.71901902063839,499.85947420257526,500.6516877662674,86,84,85
587,500.0,500.0,23.25689472971443,499.4937261435869,499.56625903265075,61,64,79
588,500.0,500.0,16.490398449271126,499.4897465186955,500.4290522453747,118,110,107
589,500.0,500.0,5.277541284995511,500.50513270461244,499.5649305857965,30,36,60
590,500.0,500.0,24.29638596678338,500.2726542493541,500.60836182059165,23,20,30
591,500.0,500.0,22.542696571598473,499.39245396949474,499.72553276104105,48,47,52
592,500.0,500.0,11.030261374727543,500.66609167921894,500.0276824731506,80,82,92
593,500.0,500.0,19.45712600939325,500.198784974566,500.6363403007285,131,133,130
594,500.0,500.0,6.895839674266855,500.1144862620413,499.34323722680995,155,155,155
595,500.0,500.0,12.127858369182764,500.6493160924748,500.15110611006077,28,26,29
596,500.0,500.0,13.986824568272043,500.0837284596029,500.6613879266338,78,61,54
597,500.0,500.0,24.468766648237853,499.40670516335894,500.30404881394196,17,12,19
598,500.0,500.0,7.667691375520469,500.335460779638,500.57611675012026,135,135,135
599,500.0,500.0,20.135204293095605,500.17429622665315,500.64347903603687,23,22,28
600,500.0,500.0,21.13449105814892,500.6597141770635,500.0960294175027,42,37,41
601,500.0,500.0,23.008703335506155,499.5343483298239,499.52291199291255,43,69,120
602,500.0,500.0,22.965851538550716,500.3394006980468,499.4261954944323,140,142,139
603,500.0,500.0,14.874465094920646,500.156350066002,500.6480733764826,36,39,46
604,500.0,500.0,18.262988518426233,500.6651374771077,500.04512849422764,195,192,185
605,500.0,500.0,6.275099549375696,499.6333197887421,499.44323248378134,40,37,46
606,500.0,500.0,22.786565924933647,500.0385992045151,500.6655483046746,74,74,74
607,500.0,500.0,5.059075638747748,500.6562029174763,499.88234722468195,23,21,32
608,500.0,500.0,13.808527910450179,500.6302269631622,500.21739001667,24,38,66
609,500.0,500.0,26.02079639898597,499.99272498385574,499.33337302891005,29,40,72
610,500.0,500.0,26.064659592260586,500.6004505973161,500.28966105127745,37,42,57
611,500.0,500.0,7.746221382520657,499.7767856317507,500.6281877030407,71,69,74
612,500.0,500.0,27.572518870654385,499.5558913919867,500.49720417207914,179,173,161
613,500.0,500.0,22.791132028635364,500.6299168017903,500.21828712116564,61,61,69
614,500.0,500.0,5.183290991821477,499.85658631793814,500.65105833858564,36,36,38
615,500.0,500.0,22.010247694868614,500.5590583402409,500.36317794075575,190,190,190
616,500.0,500.0,16.34729554466235,499.61006498139164,499.4592642736906,92,97,116
617,500.0,500.0,26.445143248370517,500.37963954754247,499.451986990678,19,16,25
618,500.0,500.0,24.310202158612,499.96261726870017,500.6656177400318,34,36,48
619,500.0,500.0,13.654321100765001,500.65500332999216,500.1241574892773,147,133,145
620,500.0,500.0,10.47785467397991,500.15908003560526,500.64740867056,119,120,126
621,500.0,500.0,7.139612682236029,500.2026345300728,500.6351249417765,45,39,41
622,500.0,500.0,13.567315403703857,500.66627901801365,500.0227313571789,154,130,120
623,500.0,500.0,19.655960640751914,500.6070480965312,500.275566784904,30,28,33
624,500.0,500.0,15.004606204004661,500.0460021527375,499.33492237566736,21,16,23
625,500.0,500.0,12.24520505442444,500.63751209658966,499.8050057150932,182,166,192
626,500.0,500.0,10.373058212681194,499.4835926514596,499.57837469855576,146,172,197
627,500.0,500.0,7.4301282523618974,500.5549233225199,499.6305347775934,30,28,31
628,500.0,500.0,17.326264629070543,500.64906528468447,499.8478201699899,33,33,35
629,500.0,500.0,24.60709027020642,499.692175768838,500.59134481240136,127,127,126
630,500.0,500.0,21.028193614452757,499.6024846828719,499.46481216653126,71,69,73
631,500.0,500.0,21.35662016055757,499.36461778595225,499.79817362284325,104,85,78
632,500.0,500.0,11.8733363522875,499.59271617766586,500.52779194054983,65,55,54
633,500.0,500.0,17.78693651561293,500.6477973089624,499.8425100290639,34,32,37
634,500.0,500.0,23.489625329208554,499.38275692849163,499.7480963773198,32,31,39
635,500.0,500.0,22.962079849832104,499.70230125524506,500.5965064138933,32,32,34
636,500.0,500.0,13.561514107767946,500.03692895036437,499.3343569296767,82,82,82
637,500.0,500.0,23.69318310711313,499.45457629217816,500.3833502620194,100,80,69
638,500.0,500.0,15.198920448227742,499.521329769694,499.5359749413413,124,127,120
639,500.0,500.0,26.67245520355465,500.6087284425163,499.7281652566059,29,28,34
640,500.0,500.0,21.661909484006237,500.2716184765394,500.6088249729166,43,37,39
641,500.0,500.0,8.974565872108151,500.1243223740498,499.3450279458213,26,24,41
642,500.0,500.0,25.3187473745534,500.6666504999463,499.99535722433984,157,131,116
643,500.0,500.0,25.303907205654973,500.12399903194347,499.3449666538858,27,26,32
644,500.0,500.0,8.15642839403749,500.45405609554075,500.4881367703285,40,34,36
645,500.0,500.0,23.449865903735933,500.6612428330272,499.91513327969903,194,191,184
646,500.0,500.0,22.97300743421635,500.28991929151755,499.3996740478287,165,170,166
647,500.0,500.0,11.220020749686398,499.87104998688613,499.3459232930593,36,36,44
648,500.0,500.0,25.602589977129217,500.6552995947497,500.12258419786144,62,65,74
649,500.0,500.0,22.637369874356274,499.9910239200156,499.3333937635811,157,154,149
650,500.0,500.0,10.546514288560457,500.59268257422593,500.3052405783204,159,160,155
651,500.0,500.0,27.60128662243475,499.7014537030362,499.4039173270312,193,190,183
652,500.0,500.0,18.627948711172493,500.1922084152131,500.6383575562063,38,32,34
653,500.0,500.0,13.088689415111027,500.6149391430079,500.2574767850528,54,43,47
654,500.0,500.0,9.329374292820894,499.6994195047673,499.40494049849605,39,64,118
655,500.0,500.0,5.873166047602293,499.8701819446102,499.34609502453395,72,70,75
656,500.0,500.0,17.10831582541575,499.768487517239,500.6251771067228,109,103,97
657,500.0,500.0,12.837458018135766,499.3396422076833,499.90850119907304,42,41,46
658,500.0,500.0,18.492011027097817,499.572893723629,500.51188345658846,45,41,42
659,500.0,500.0,27.09285125634243,499.46320797706915,499.60465360939776,37,37,46
660,500.0,500.0,11.940598535685789,499.82674254192835,500.64375950297216,72,75,82
661,500.0,500.0,27.09522830848098,500.2314896540297,500.62518556007126,20,14,24
662,500.0,500.0,26.363439806664783,499.7373343609379,500.61274073350853,22,21,26
663,500.0,500.0,13.702834487385557,500.0884114582612,500.66077822186617,83,85,82
664,500.0,500.0,26.822126397089615,499.34708536802265,499.8652894666541,28,27,35
665,500.0,500.0,18.854939351372337,499.3853902774045,500.25826214073203,48,46,47
666,500.0,500.0,8.234797467417073,499.33741486955034,500.0736572423557,26,25,31
667,500.0,500.0,8.861410585286436,499.3350414946149,499.95230691286497,29,28,33
668,500.0,500.0,9.822738541211482,499.84632550315956,500.6487130285922,32,31,36
669,500.0,500.0,21.56951252393027,500.07280440476967,500.66267938182096,95,96,98
670,500.0,500.0,27.28934197743076,500.3960172584019,499.4637027172433,144,143,139
671,500.0,500.0,13.632994117832606,499.6522267783872,499.4312309512873,193,186,176
672,500.0,500.0,6.695315959911606,500.2789806028239,499.3945131977553,174,195,216
673,500.0,500.0,26.888229022984774,499.4918913307253,500.43159011185656,66,66,66
674,500.0,500.0,8.700803382960384,500.34994025386544,499.4325616657565,191,187,178
675,500.0,500.0,27.661350303246294,499.3764561816543,500.2358761349678,36,34,39
676,500.0,500.0,8.794935479524025,499.4637690158994,499.60389297388843,77,75,76
677,500.0,500.0,9.727660964512555,500.1165248876194,500.65640414000046,35,35,43
678,500.0,500.0,21.78940213041667,499.9478955706133,499.33537260597933,104,86,82
679,500.0,500.0,6.1416151898857265,499.62040739335174,499.45195447504574,97,91,99
680,500.0,500.0,13.29906518822728,499.70146241214724,500.5960870348225,148,174,199
681,500.0,500.0,19.37709193531392,499.3420302175598,499.8926677595501,137,160,181
682,500.0,500.0,8.929140408921132,499.6295534141908,500.55426868169394,69,54,51
683,500.0,500.0,12.092128202707777,499.4735446894351,500.4090100859666,127,124,126
684,500.0,500.0,11.095101133705288,500.4594715032819,499.51695716326986,53,57,69
685,500.0,500.0,13.773239303352224,500.0556292552341,499.33565834813214,192,189,180
686,500.0,500.0,15.696332991556961,499.3827097496815,499.7482120111955,31,26,29
687,500.0,500.0,22.301408268651603,499.7616871497772,500.6226165994118,186,162,178
688,500.0,500.0,14.521693016039036,499.38167777356364,499.7507570086458,66,67,71
689,500.0,500.0,13.903440228278338,500.2567934207403,500.6152248235474,112,112,110
690,500.0,500.0,26.53631301910401,500.2014330701733,499.36449298769804,144,118,105
691,500.0,500.0,14.080500399797227,499.45953713224765,500.3903131217694,25,24,29
692,500.0,500.0,23.41035774457577,499.6894505963123,499.4100817748928,123,122,120
693,500.0,500.0,27.64046377573006,499.35715653825144,499.8233740445699,134,151,165
694,500.0,500.0,6.802476009208249,499.6638600172014,500.57572072779135,34,34,36
695,500.0,500.0,10.931386279718861,500.62529515534857,500.2311934539342,118,118,116
696,500.0,500.0,17.69724640623418,499.42161529079675,500.33153517551585,154,151,144
697,500.0,500.0,5.2843673384984164,499.4931139526628,499.56697462030576,183,180,175
698,500.0,500.0,8.441773350600853,499.9649250815827,500.66574333984084,25,22,29
699,500.0,500.0,26.611949654703526,499.8515247095026,500.64992271275605,57,61,70
700,500.0,500.0,24.951931158599034,500.4946166277234,499.5530113692453,35,35,43
701,500.0,500.0,16.168450222585605,499.6869357673675,499.4114125122884,161,135,122
702,500.0,500.0,14.268401043926264,500.5287987085102,499.59402417519954,216,204,228
703,500.0,500.0,25.21602552849325,499.41411862789266,500.3180997677806,45,49,58
704,500.0,500.0,25.63172132943672,500.2491091530808,499.3816238407766,209,213,224
705,500.0,500.0,24.385471078062366,500.20792438340237,499.3665871052535,72,72,74
706,500.0,500.0,22.105643758114752,500.5268235777852,500.4085356316578,162,150,130
707,500.0,500.0,7.053597556967442,500.03790987685744,500.6655879248312,31,29,32
708,500.0,500.0,22.4683457902039,499.828167293279,500.64414126194913,172,171,166
709,500.0,500.0,6.509190255074435,499.8729548861016,500.6544493742674,213,199,225
710,500.0,500.0,17.058582993035387,499.7653827109904,499.3759814328546,26,29,38
711,500.0,500.0,24.15738846076068,500.64186221029246,499.81984077197393,106,111,104
712,500.0,500.0,26.114714594845672,499.7029277915039,500.5968186888693,174,173,164
713,500.0,500.0,16.617906623554767,500.46384187030384,499.5211522540541,150,150,150
714,500.0,500.0,18.66300264939948,500.63228905756563,500.21131727834523,213,200,226
715,500.0,500.0,12.917727088636255,499.3432248250731,499.885584904649,105,106,101
716,500.0,500.0,6.141973985335753,500.40068236411577,500.5328208775293,144,144,136
717,500.0,500.0,20.586990660092326,499.33861772231853,499.91622693026216,163,163,161
718,500.0,500.0,22.946984277994797,500.4007102762405,500.5327998864111,177,176,164
719,500.0,500.0,18.826264861374277,500.51806949689,500.419581268453,74,74,82
720,500.0,500.0,26.689114265334403,499.60278748737295,500.5354126112233,186,182,173
721,500.0,500.0,15.556954434484021,500.29443519778613,500.5981240329138,150,147,138
722,500.0,500.0,23.95914889382526,499.3340436452933,499.96923349109494,60,60,67
723,500.0,500.0,27.986875736968035,500.5162025854365,500.42187597138627,75,75,83
724,500.0,500.0,11.86494630382584,500.3439780285118,499.4289277100528,98,100,99
725,500.0,500.0,11.359114749235502,500.3708341766207,500.55400943845257,104,105,98
726,500.0,500.0,26.900319356654563,500.6627349588606,500.0722967409257,46,48,54
727,500.0,500.0,10.526947786605373,500.355340281275,500.5640724500876,35,35,35
728,500.0,500.0,20.65738225890978,500.03946159853155,499.3345022714646,54,40,37
729,500.0,500.0,14.627010779870856,500.1736154645878,500.6436630445353,193,189,180
730,500.0,500.0,18.15697598284735,500.2596890486299,500.61400817784954,183,183,183
731,500.0,500.0,19.681212567185106,500.2067873283796,499.3662149849783,191,188,181
732,500.0,500.0,8.90969327341534,499.45481520645876,499.61631004008984,135,118,107
733,500.0,500.0,7.942715213009227,499.37006293573353,500.2182286404388,134,133,128
734,500.0,500.0,25.690596630569893,499.88879850005674,499.3426730867713,130,108,95
735,500.0,500.0,25.04294133978308,500.0441979804867,499.3348000428703,64,66,63
736,500.0,500.0,11.763175797957883,499.55476432643667,500.49619516264374,198,194,185
737,500.0,500.0,18.422216254079352,500.666663667804,500.00199961860073,21,18,25
738,500.0,500.0,24.95244835805929,500.5697516939734,499.6538389801567,91,79,79
739,500.0,500.0,25.029530366119104,500.36660977419115,499.4431861011864,66,55,52
740,500.0,500.0,27.70540678572865,499.56737254022545,500.5072257145428,150,181,202
741,500.0,500.0,9.14820568945741,500.45320158441376,500.48893022848796,75,75,76
742,500.0,500.0,9.066958130959597,500.0981947120407,499.3406046383453,186,160,146
743,500.0,500.0,22.507445467944983,500.6652375713964,499.9563718204934,122,126,127
744,500.0,500.0,22.562090843426482,500.4456068328982,500.4958618708057,184,183,179
745,500.0,500.0,14.27805004915286,499.35197436444804,499.84345217947237,155,157,154
746,500.0,500.0,9.58652777824669,499.97132511132014,500.66604969424486,136,148,164
747,500.0,500.0,17.21377706813264,499.90095012445147,499.34073255305736,40,39,47
748,500.0,500.0,25.170658110976554,500.49603804104663,499.5545892836055,99,78,73
749,500.0,500.0,18.539425827865653,500.1988365197462,499.3636758036506,24,22,25
750,500.0,500.0,11.68903921161819,500.3495286061102,499.4323080078466,51,41,42
751,500.0,500.0,25.42340300825196,500.42252685026057,499.4843300423204,178,177,173
752,500.0,500.0,9.333798779489996,499.89290364450915,499.3419917819016,137,134,127
753,500.0,500.0,27.65222906334499,500.666384155009,500.01940624634955,84,85,87
754,500.0,500.0,7.832725580272101,499.9112538386148,500.6607333526347,156,151,147
755,500.0,500.0,19.33209987817332,500.3796694478279,500.5479922944992,17,15,20
756,500.0,500.0,5.454060629825339,500.4867061128651,499.5444107067279,76,57,51
757,500.0,500.0,17.58749484876529,500.2250682995951,500.6275258599945,153,175,197
758,500.0,500.0,19.49716082374755,500.34839321233403,500.5683894914968,44,42,45
759,500.0,500.0,11.20947443935535,499.67643767352234,500.5828823769242,183,182,183
760,500.0,500.0,7.41302744870223,499.8555521653357,500.65082967626347,78,67,65
761,500.0,500.0,16.447998453444786,499.6733435391446,500.58115402521696,140,144,143
762,500.0,500.0,27.381753613341473,499.6441044306082,499.43627773848135,81,63,52
763,500.0,500.0,17.607191565753208,499.9351982909464,499.3364902540669,116,129,140
764,500.0,500.0,5.293236229178025,500.32475319419484,500.58221972424906,59,44,39
765,500.0,500.0,8.43032333133562,500.11022794724335,500.6574908699678,179,178,176
766,500.0,500.0,7.329681007638019,499.3350230996769,500.0474359197351,82,73,62
767,500.0,500.0,11.808510110340084,499.74225461797334,500.61482661172755,25,39,74
768,500.0,500.0,25.10523033072966,500.5958852791911,499.70105990819604,83,81,79
769,500.0,500.0,7.665724234170948,500.3452736074782,500.5702899091019,47,50,57
770,500.0,500.0,8.921782356196633,499.518414422651,500.4609986725945,192,186,172
771,500.0,500.0,7.137880255060713,500.5412525443535,499.6107826729508,113,89,77
772,500.0,500.0,27.13312839344434,499.7943906869678,500.6341681597486,82,87,90
773,500.0,500.0,19.923469129062067,500.2212085714514,500.6288968217131,19,15,16
774,500.0,500.0,6.3488671002990795,499.4343780408001,500.3528685927018,59,59,59
775,500.0,500.0,16.101521562427955,500.51012490475824,500.42920510946385,159,159,159
776,500.0,500.0,22.920778775571097,499.4149942528978,500.3197072415538,54,61,79
777,500.0,500.0,7.59756202559665,499.385428969766,499.74164579886997,178,177,172
778,500.0,500.0,20.06439208408797,500.1093606169889,500.65763568934193,31,30,36
779,500.0,500.0,10.151653144445998,500.25224941483185,500.61710183694544,44,42,44
780,500.0,500.0,19.219497369159527,500.3773146619109,499.4503836880591,50,44,44
781,500.0,500.0,20.554798072221146,499.4808624681669,500.41825909133775,43,43,50
782,500.0,500.0,19.097022259645318,499.61206555817057,500.5421727706985,187,186,184
783,500.0,500.0,24.59303648325952,500.28625284754366,499.3979171554366,206,182,170
784,500.0,500.0,12.610581377993048,499.8862328966434,499.34311226938064,193,190,183
785,500.0,500.0,19.796298240934792,500.64476849436426,499.8305360418269,34,34,36
786,500.0,500.0,23.42900961771461,500.6301352666469,499.78234433117365,176,176,175
787,500.0,500.0,7.730257597233555,500.5476868659167,499.61989009306944,175,155,142
788,500.0,500.0,5.824134445294836,499.82698217074847,500.6438239473688,45,44,58
789,500.0,500.0,27.15293871044011,499.8214649342136,499.35768413165397,158,155,146
790,500.0,500.0,20.44391052792059,499.7291406730145,500.6091630893524,47,50,57
791,500.0,500.0,24.419301110897806,500.6571907052854,499.88799633340426,118,118,116
792,500.0,500.0,20.11484574791621,499.9609829883594,500.66552394190376,109,109,100
793,500.0,500.0,10.10018347986437,500.63696015204283,500.196789758763,29,29,37
794,500.0,500.0,13.599478290589222,500.66591114079654,499.9682699352739,28,27,32
795,500.0,500.0,23.902289178130705,500.5113939040469,500.4276923185517,44,42,43
796,500.0,500.0,9.313498212226877,499.6990048946979,500.59484988949197,191,188,179
797,500.0,500.0,9.383311573312593,499.36158600600436,499.807979124273,163,162,158
798,500.0,500.0,19.56453075454923,500.64291418880686,499.8236316630592,178,177,172
799,500.0,500.0,18.554271832051704,499.33358091366483,499.98183283696704,192,188,177
800,500.0,500.0,21.932920397200785,500.662836749868,499.9286425373988,152,149,144
801,500.0,500.0,16.691656678653317,500.08149939312676,500.6616663006111,192,189,174
802,500.0,500.0,7.952780987186289,499.5063608163063,500.4480678528601,66,69,76
803,500.0,500.0,16.594532745122784,499.4242404983845,500.33607356448243,72,70,71
804,500.0,500.0,22.534617094021232,499.3447590615041,500.1228973431912,176,177,172
805,500.0,500.0,15.415451239871436,500.5330616075914,500.40036204485006,159,158,153
806,500.0,500.0,25.388047674401236,499.57277126221436,500.5117812521523,195,191,180
807,500.0,500.0,21.373110197088337,499.8330413663016,499.3545782316361,183,182,178
808,500.0,500.0,21.430844319487573,500.6664671939132,500.0163071727143,175,174,169
809,500.0,500.0,20.969175395728506,500.61627141770595,500.2542714772898,184,181,176
810,500.0,500.0,18.404544235204742,499.5213155005743,500.46401033873616,39,38,43
811,500.0,500.0,14.71488649093367,499.3417203950998,499.89458460161404,207,180,171
812,500.0,500.0,8.342514367554298,499.99922499578173,500.6666662161929,84,83,88
813,500.0,500.0,8.70151406989429,499.64497117035427,500.56426853054626,60,62,68
814,500.0,500.0,20.88368155837223,499.34702081147685,499.8656027388668,194,188,176
815,500.0,500.0,23.72260300375278,500.03176942107,500.6659092643366,182,181,176
816,500.0,500.0,17.909222714188644,500.2339403055748,500.62427267910107,208,185,172
817,500.0,500.0,6.080537269332637,499.3578518705244,500.17913744515164,192,188,176
818,500.0,500.0,27.443922607290904,499.33554418324724,499.94575138685764,37,40,49
819,500.0,500.0,10.78084595256303,499.9786085668723,500.6663233832256,208,188,181
820,500.0,500.0,17.572148144128548,500.18268401467054,499.3588518149224,153,124,106
821,500.0,500.0,9.080795665230053,500.06240739509224,500.66373922701786,20,17,24
822,500.0,500.0,7.745137659278207,500.6249539562885,500.2321141894926,182,181,177
823,500.0,500.0,7.9915301926535625,500.3232329126555,499.4169348847507,191,162,146
824,500.0,500.0,21.322853815275224,499.3992508773174,500.28904140886823,42,36,36
825,500.0,500.0,18.728247636330686,500.63383001864236,500.20664934529844,17,16,22
826,500.0,500.0,6.676258296018265,499.35753128136855,500.1779842409442,61,60,66
827,500.0,500.0,16.97394460862919,500.6423927576202,500.17825820991357,46,40,50
828,500.0,500.0,14.278592527767625,500.34534724388794,500.5702453205274,63,67,78
829,500.0,500.0,12.614530342059954,500.65836504855696,499.8951195571948,55,59,70
830,500.0,500.0,17.910697713083273,500.6281950878875,499.77680641586625,81,79,82
831,500.0,500.0,25.803418545216918,500.4898968111753,499.5478434354731,66,66,68
832,500.0,500.0,23.31275147001979,500.6454741784771,500.16675589753805,161,126,117
833,500.0,500.0,11.505066868426141,499.78280026711127,500.63029256736655,193,189,178
834,500.0,500.0,15.247808644149515,500.2850377026774,499.3973409317891,67,52,49
835,500.0,500.0,6.89394530511552,500.6522092404713,500.1380853036652,25,24,30
836,500.0,500.0,19.419460747434584,499.6582441097971,500.57240488813085,48,47,52
837,500.0,500.0,9.72833006358405,499.3407441689913,499.90087284062645,49,47,52
838,500.0,500.0,21.487970528226,499.37171425496035,499.7770617416763,52,51,59
839,500.0,500.0,23.266940100445478,499.71002450769817,500.600298807519,202,178,166
840,500.0,500.0,25.95269121191578,500.4557008954597,500.4866016217828,25,22,30
841,500.0,500.0,14.95957579670323,500.650762167681,500.1447516685897,209,181,169
842,500.0,500.0,19.75272316907771,500.20249436827606,500.63516964289937,167,137,124
843,500.0,500.0,6.669557230376474,499.84684772081175,500.6488365154828,52,51,56
844,500.0,500.0,11.931066326432035,500.4900131811238,499.5479695510595,86,71,66
845,500.0,500.0,23.908814513658232,500.6519810925932,500.1391585403251,18,15,23
846,500.0,500.0,8.136773587579576,499.3541382571267,500.1652484600142,51,55,67
847,500.0,500.0,8.313737361545112,499.5292863266355,500.4720943572552,181,153,139
848,500.0,500.0,8.25159892316467,500.54746096397014,500.38043519470904,196,167,151
849,500.0,500.0,17.354497116752604,500.00713510458405,500.66662848328514,28,25,35
850,500.0,500.0,25.781566647414557,499.4471385815493,500.37254354971355,171,147,133
851,500.0,500.0,24.583553580855668,499.87832281633695,499.3445313833445,36,33,41
852,500.0,500.0,24.19921243796543,500.31757349121455,500.5861668040091,174,148,132
853,500.0,500.0,18.047730822874428,500.4096811391506,500.5259332739699,83,70,64
854,500.0,500.0,6.682325159646655,499.78372850623373,499.36938832437977,37,35,40
855,500.0,500.0,18.353700028399967,500.3164029398931,500.58679947517993,194,169,157
856,500.0,500.0,10.394255521156165,500.27543407842745,499.3928916794465,59,42,35
857,500.0,500.0,15.364857498943506,500.6109144355552,500.26688573748845,33,32,36
858,500.0,500.0,13.383349020608472,499.3336405451264,499.9797633662629,62,52,51
859,500.0,500.0,10.662028186546134,499.64239297585226,500.5626381259075,78,65,59
860,500.0,500.0,8.089034144806444,500.62776018835285,499.7755861181575,14,11,20
861,500.0,500.0,22.819640115096057,499.70021762408186,499.40453801839806,87,68,61
862,500.0,500.0,18.95243631962981,499.77982723503476,499.3707398010266,21,18,27
863,500.0,500.0,21.871526192022294,499.6095431317602,500.54035902739645,19,13,21
864,500.0,500.0,19.527409372608865,499.9197691008206,500.6618213106733,15,12,23
865,500.0,500.0,9.893495782054828,500.6419549570659,500.17982846699834,82,70,71
866,500.0,500.0,27.97074802527259,500.52028260595296,499.58316615494033,124,110,103
867,500.0,500.0,25.50306350558498,500.650336944525,499.85334972543393,184,166,161
868,500.0,500.0,16.739475846907066,499.3348090675968,499.9556664022107,173,144,128
869,500.0,500.0,10.494258504387602,500.6289670773653,499.77899126706177,185,157,143
870,500.0,500.0,9.120339229898278,499.38142907505977,500.248625129991,193,163,152
871,500.0,500.0,5.92965599918991,500.0600574122588,499.33604401375,18,13,20
872,500.0,500.0,10.382429383580341,500.5085472838396,499.5689267990888,174,146,132
873,500.0,500.0,26.111744712716334,499.4687058519447,499.59729542753195,124,94,87
874,500.0,500.0,27.274152219232743,500.64094999058193,500.1833781721401,170,139,121
875,500.0,500.0,8.998545778268351,500.38046465943853,500.5474404875078,72,57,55
876,500.0,500.0,24.215788556562824,499.3431354537582,500.11390088820974,185,157,144
877,500.0,500.0,10.126682854269077,500.66439638750484,499.94502832806825,160,155,152
878,500.0,500.0,16.0885320634019,499.5082277317372,500.4501160745986,179,146,131
879,500.0,500.0,15.117670117385192,500.4136267251777,500.5228358984071,113,89,76
880,500.0,500.0,9.864893395122358,500.53432720319597,500.3986713989857,60,55,58
881,500.0,500.0,23.789966737639865,500.12386878288874,500.6550579890896,137,114,103
882,500.0,500.0,16.07488293595818,500.561103195371,500.3600106228834,62,46,40
883,500.0,500.0,19.886962385232707,499.3576791738907,499.82148277172575,164,135,119
884,500.0,500.0,18.190189761102168,499.3534433574367,499.8374916851307,144,116,104
885,500.0,500.0,18.162193882300684,499.4109270827946,500.31214987211206,58,45,53
886,500.0,500.0,16.882735930677367,500.4325743937547,500.50727097128873,120,86,83
887,500.0,500.0,25.20570660791984,500.63299856458667,499.79081763536175,75,82,99
888,500.0,500.0,27.833843945283512,499.67749716222283,500.58346924860706,152,124,112
889,500.0,500.0,18.819290431457603,500.0607398110411,499.3361060929643,147,123,123
890,500.0,500.0,21.656296355788385,500.5615436587441,500.35932320238015,194,168,159
891,500.0,500.0,10.285717105111935,499.3369399913317,499.9307477845176,87,55,61
892,500.0,500.0,17.022360889394648,500.52545533905817,500.41029395693783,211,188,182
893,500.0,500.0,9.080710239298575,500.6665208173021,500.0139443374647,103,78,69
894,500.0,500.0,7.702877351219721,500.64645940181487,500.1628947090904,167,138,124
895,500.0,500.0,5.027604733633144,500.45751599587703,499.5151045906991,199,174,157
896,500.0,500.0,5.999080516739074,499.3826132950198,500.25155138830485,173,146,135
897,500.0,500.0,16.08883930116727,499.7756689019654,500.6277897760389,179,150,132
898,500.0,500.0,25.880754161740853,499.55562696105983,499.5030321472092,193,164,161
899,500.0,500.0,15.97424845110442,500.5435179583673,500.3860475014511,121,93,83
